{"averageTrainLoss": [11.30480032359084, 4.919984344804668, 3.39654814380489, 2.8434669700387407, 2.50206335614261, 2.2761621112692847, 2.109920071031405, 1.9576687673455504, 1.8202463746070863, 1.7011244037379958, 1.6147997839265762, 1.5311261756235062, 1.4558745236701618, 1.3942159726739474, 1.3253014535664422, 1.265233807803289, 1.2169411598819575, 1.1718526369632651, 1.1264237111834086, 1.0879479342671834, 1.0467282667824123, 1.0150252892546459, 0.9806794564473574, 0.9483565463323027, 0.9315458309432687, 0.8979053685382077, 0.8635318961045514, 0.8427875599904692, 0.8249908046907486, 0.7924130778606624, 0.7792208572228749, 0.744504863989952, 0.7363827807173882, 0.7345595024628182, 0.704463371062932, 0.685201784927551, 0.6738371683174073, 0.6637730638866555, 0.6448272616215492, 0.6314625971393498, 0.6232106920518832, 0.6161185982564813, 0.6014749804860381, 0.5816524881070063, 0.5835922630410216, 0.5645558711464547, 0.5549435535046063, 0.5536803829343352, 0.5350254678971147, 0.5322878160705306, 0.5151237652045951, 0.5185041747000664, 0.5165467503000067, 0.5013226770510957, 0.49472027054252143, 0.4907644961522594, 0.48303240762181476, 0.47683147542416776, 0.4734084794238278, 0.46692077889017863, 0.4584451346704949, 0.44487659456931294, 0.45389330306826114, 0.4428457749352607, 0.4391721799085129, 0.4304247738223642, 0.4273975951010234, 0.4230922196961973, 0.4245767869565585, 0.40815928487200714, 0.4258428308721547, 0.40393797438166457], "charErrorRates": [0.43652947719688545, 0.24066740823136817, 0.19759733036707453, 0.1757953281423804, 0.15804226918798664, 0.1632035595105673, 0.1468298109010011, 0.1385539488320356, 0.14122358175750835, 0.132146829810901, 0.1304115684093437, 0.127119021134594, 0.12195773081201335, 0.12725250278086764, 0.12947719688542825, 0.12115684093437153, 0.11870967741935484, 0.11884315906562848, 0.12409343715239154, 0.11719688542825361, 0.11621802002224695, 0.12057842046718577, 0.1228476084538376, 0.1153726362625139, 0.12088987764182425, 0.11884315906562848, 0.11497219132369299, 0.11208008898776418, 0.11519466073414905, 0.11728587319243604, 0.1121245828698554, 0.11083426028921023, 0.1157285873192436, 0.11265850945494994, 0.1139043381535039, 0.11621802002224695, 0.1150166852057842, 0.11203559510567297, 0.11314794215795328, 0.11577308120133481, 0.11626251390433816, 0.10941045606229144, 0.111412680756396, 0.11452725250278087, 0.11292547274749722, 0.11381535038932147, 0.1082091212458287, 0.11119021134593993, 0.11292547274749722, 0.11875417130144605, 0.11403781979977753, 0.11167964404894327, 0.11381535038932147, 0.1124805339265851, 0.11790878754171301, 0.11310344827586206, 0.11706340378197998, 0.11483870967741935, 0.11430478309232481, 0.11163515016685206, 0.11381535038932147, 0.11417130144605117, 0.11710789766407119, 0.11154616240266964, 0.11359288097886541, 0.11305895439377085, 0.11256952169076752, 0.11225806451612903, 0.10932146829810901, 0.10981090100111235, 0.11154616240266964, 0.11043381535038932], "wordAccuracies": [0.31113423517169614, 0.5126604231703087, 0.578563995837669, 0.6160249739854319, 0.6437738466874783, 0.6416926812348248, 0.6739507457509538, 0.6819285466527922, 0.6782865071106486, 0.6940686784599376, 0.7016996184530003, 0.7067291016302463, 0.7145334720776968, 0.7034339229968782, 0.7039542143600416, 0.7166146375303504, 0.7225112729795352, 0.7214706902532084, 0.7133194588969823, 0.7244190079778009, 0.730142212972598, 0.7145334720776968, 0.7216441207075962, 0.7313562261533125, 0.7268470343392299, 0.7263267429760666, 0.7291016302462713, 0.7410683315990287, 0.735865417967395, 0.7311827956989247, 0.7374262920568851, 0.7410683315990287, 0.7313562261533125, 0.7403746097814776, 0.7384668747832119, 0.734304543877905, 0.7330905306971904, 0.7382934443288242, 0.7395074575095387, 0.731009365244537, 0.7280610475199445, 0.7407214706902532, 0.7428026361429066, 0.7351716961498439, 0.7396808879639265, 0.7351716961498439, 0.7443635102323968, 0.7421089143253555, 0.7372528616024974, 0.7256330211585155, 0.7348248352410683, 0.7414151925078044, 0.7396808879639265, 0.7360388484217829, 0.7296219216094346, 0.7405480402358654, 0.7304890738813735, 0.735865417967395, 0.7369060006937218, 0.7433229275060701, 0.7348248352410683, 0.7356919875130072, 0.7356919875130072, 0.7407214706902532, 0.7375997225112729, 0.7421089143253555, 0.7405480402358654, 0.7395074575095387, 0.7440166493236212, 0.7493929934096427, 0.7424557752341311, 0.7466181061394381]}